team,name,position,height,weight,bday,years experience
ATL,Nickeil Alexander-Walker,SG,6-5,205,9/2/1998,6
ATL,Tony Bradley,C,6-10,248,1/8/1998,7
ATL,Dyson Daniels,SG,6-7,199,3/17/2003,3
ATL,N'Faly Dante,C,6-11,230,10/19/2001,1
ATL,RayJ Dennis,PG,6-1,180,3/30/2001,1
ATL,Keshon Gilbert,SG,6-4,200,6/30/2003,0
ATL,Mouhamed Gueye,PF,6-11,210,11/9/2002,2
ATL,Buddy Hield,SG,6-4,220,12/17/1992,9
ATL,Caleb Houstan,SF,6-8,205,1/9/2003,3
ATL,Jalen Johnson,SF,6-8,219,12/18/2001,4
ATL,Luke Kennard,SG,6-5,206,6/24/1996,8
ATL,Corey Kispert,SF,6-6,224,3/3/1999,4
ATL,Christian Koloko,C,6-11,225,6/20/2000,2
ATL,Vít Krejčí,PG,6-8,195,6/19/2000,4
ATL,Jonathan Kuminga,PF,6-7,225,10/6/2002,4
ATL,Jock Landale,C,6-11,255,10/25/1995,4
ATL,CJ McCollum,PG,6-3,190,9/19/1991,12
ATL,Asa Newell,PF,6-10,220,10/5/2005,0
ATL,Onyeka Okongwu,C,6-10,240,12/11/2000,5
ATL,Kristaps Porziņģis,C,7-2,240,8/2/1995,9
ATL,Zaccharie Risacher,SF,6-8,200,4/8/2005,1
ATL,Jacob Toppin,SF,6-9,200,5/8/2000,2
ATL,Gabe Vincent,PG,6-2,200,6/14/1996,6
ATL,Keaton Wallace,PG,6-3,185,2/26/1999,1
ATL,Trae Young,PG,6-2,164,9/19/1998,7
BOS,Dalano Banton,PG,6-8,203,11/7/1999,4
BOS,Charles Bassey,C,6-10,230,10/28/2000,4
BOS,Chris Boucher,PF,6-8,200,1/11/1993,8
BOS,Jaylen Brown,SF,6-6,223,10/24/1996,9
BOS,Luka Garza,C,6-10,243,12/27/1998,4
BOS,Hugo González,SF,6-6,200,2/5/2006,0
BOS,Ron Harper Jr.,SF,6-5,233,4/12/2000,3
BOS,Sam Hauser,PF,6-7,217,12/8/1997,4
BOS,Josh Minott,PF,6-8,205,11/25/2002,3
BOS,Payton Pritchard,PG,6-1,195,1/28/1998,5
BOS,Neemias Queta,C,7-0,248,7/13/1999,4
BOS,Baylor Scheierman,SG,6-6,205,9/26/2000,1
BOS,Max Shulga,SG,6-4,210,6/25/2002,0
BOS,Anfernee Simons,SG,6-3,200,6/8/1999,7
BOS,Jayson Tatum,PF,6-8,210,3/3/1998,8
BOS,Xavier Tillman Sr.,C,6-8,245,1/12/1999,5
BOS,John Tonje,SG,6-4,218,4/23/2001,0
BOS,Nikola Vučević,C,6-9,260,10/24/1990,14
BOS,Jordan Walsh,PF,6-6,205,3/3/2004,2
BOS,Derrick White,SG,6-4,190,7/2/1994,8
BOS,Amari Williams,PF,6-11,250,1/28/2002,0
BKN,Ochai Agbaji,SG,6-5,215,4/20/2000,3
BKN,Nic Claxton,C,6-11,215,4/17/1999,6
BKN,Noah Clowney,PF,6-10,210,7/14/2004,2
BKN,Egor Dёmin,PG,6-8,200,3/3/2006,0
BKN,Tyson Etienne,PG,6-0,200,9/17/1999,1
BKN,Chaney Johnson,SF,6-7,220,6/20/2002,0
BKN,E.J. Liddell,PF,6-6,240,12/18/2000,2
BKN,Terance Mann,SG,6-6,215,10/18/1996,6
BKN,Tyrese Martin,SG,6-6,215,3/7/1999,2
BKN,Josh Minott,SF,6-8,205,11/25/2002,3
BKN,Grant Nelson,PF,7-0,215,3/18/2002,0
BKN,Michael Porter Jr.,SF,6-10,218,6/29/1998,6
BKN,Drake Powell,SG,6-5,195,9/8/2005,0
BKN,Ben Saraf,SG,6-6,200,4/14/2006,0
BKN,Tre Scott,PF,6-8,225,11/25/1996,1
BKN,Day'Ron Sharpe,C,6-10,265,11/6/2001,4
BKN,Malachi Smith,SG,6-4,205,12/6/1999,0
BKN,Cam Thomas,SG,6-3,210,10/13/2001,4
BKN,Nolan Traoré,PG,6-3,185,5/28/2006,0
BKN,Ziaire Williams,SF,6-9,185,9/12/2001,4
BKN,Jalen Wilson,PF,6-6,220,11/4/2000,2
BKN,Danny Wolf,PF,6-11,250,5/5/2004,0
CHA,LaMelo Ball,PG,6-7,180,8/22/2001,5
CHA,Miles Bridges,PF,6-7,225,3/21/1998,6
CHA,Pat Connaughton,SG,6-5,209,1/6/1993,10
CHA,Moussa Diabaté,C,6-10,210,1/21/2002,3
CHA,Josh Green,SG,6-6,200,11/16/2000,5
CHA,PJ Hall,C,6-8,245,2/21/2002,1
CHA,Sion James,SG,6-5,220,12/4/2002,0
CHA,Ryan Kalkbrenner,C,7-1,256,1/17/2002,0
CHA,Kon Knueppel,SF,6-6,215,8/3/2005,0
CHA,Tre Mann,PG,6-4,178,2/3/2001,4
CHA,Liam McNeeley,SF,6-7,210,10/10/2005,0
CHA,Brandon Miller,SF,6-7,200,11/22/2002,2
CHA,Drew Peterson,PF,6-8,205,11/9/1999,2
CHA,Mason Plumlee,C,7-0,254,3/5/1990,12
CHA,Antonio Reeves,SG,6-5,205,11/20/2000,1
CHA,Tidjane Salaün,PF,6-10,207,8/10/2005,1
CHA,Collin Sexton,SG,6-3,190,1/4/1999,7
CHA,KJ Simpson,PG,6-2,189,8/8/2002,1
CHA,Xavier Tillman Sr.,C,6-8,245,1/12/1999,5
CHA,Coby White,SG,6-4,195,2/16/2000,6
CHA,Grant Williams,PF,6-7,236,11/30/1998,6
CHI,Matas Buzelis,PF,6-8,209,10/13/2004,1
CHI,Jevon Carter,PG,6-0,200,9/14/1995,7
CHI,Zach Collins,C,6-9,250,11/19/1997,7
CHI,Rob Dillingham,PG,6-2,175,1/4/2005,1
CHI,Ayo Dosunmu,SG,6-4,200,1/17/2000,4
CHI,Noa Essengue,PF,6-8,200,12/18/2006,0
CHI,Trentyn Flowers,SF,6-9,185,3/8/2005,1
CHI,Josh Giddey,PG,6-7,216,10/10/2002,4
CHI,Mouhamadou Gueye,PF,6-9,210,7/6/1998,1
CHI,Kevin Huerter,SF,6-6,198,8/27/1998,7
CHI,Jaden Ivey,SG,6-3,195,2/13/2002,3
CHI,Tre Jones,PG,6-1,185,1/8/2000,5
CHI,Yuki Kawamura,PG,5-7,159,5/2/2001,1
CHI,Mac McClung,SG,6-2,185,1/6/1999,3
CHI,Emanuel Miller,PF,6-5,215,6/19/2000,1
CHI,Leonard Miller,SF,6-10,220,11/26/2003,2
CHI,Isaac Okoro,SG,6-4,225,1/26/2001,5
CHI,Lachlan Olbrich,C,6-8,236,12/30/2003,0
CHI,Julian Phillips,SF,6-6,198,11/5/2003,2
CHI,Nick Richards,C,6-11,245,11/29/1997,5
CHI,Collin Sexton,SG,6-3,190,1/4/1999,7
CHI,Anfernee Simons,SG,6-3,200,6/8/1999,7
CHI,Jalen Smith,C,6-8,215,3/16/2000,5
CHI,Dalen Terry,SG,6-6,195,7/12/2002,3
CHI,Nikola Vučević,C,6-9,260,10/24/1990,14
CHI,Coby White,SG,6-4,195,2/16/2000,6
CHI,Patrick Williams,PF,6-6,215,8/26/2001,5
CHI,Guerschon Yabusele,C,6-7,265,12/17/1995,3
CLE,Jarrett Allen,C,6-9,243,4/21/1998,8
CLE,Lonzo Ball,PG,6-5,190,10/27/1997,6
CLE,Darius Brown II,SG,6-2,192,7/28/1999,0
CLE,Thomas Bryant,C,6-9,248,7/31/1997,8
CLE,Keon Ellis,SG,6-4,175,1/8/2000,3
CLE,Tristan Enaruna,SF,6-7,220,6/26/2001,0
CLE,Darius Garland,PG,6-1,192,1/26/2000,6
CLE,James Harden,PG,6-5,220,8/26/1989,16
CLE,De'Andre Hunter,SF,6-7,221,12/2/1997,6
CLE,Chris Livingston,SF,6-6,220,10/15/2003,2
CLE,Sam Merrill,SG,6-4,205,5/15/1996,5
CLE,Riley Minix,SF,6-7,230,9/22/2000,1
CLE,Donovan Mitchell,SG,6-2,215,9/7/1996,8
CLE,Evan Mobley,PF,6-11,215,6/18/2001,4
CLE,Larry Nance Jr.,PF,6-6,245,1/1/1993,10
CLE,Craig Porter Jr.,PG,6-1,180,2/26/2000,2
CLE,Tyrese Proctor,PG,6-4,185,4/1/2004,0
CLE,Olivier Sarr,C,6-10,240,2/20/1999,3
CLE,Dennis Schröder,PG,6-1,175,9/15/1993,12
CLE,Max Strus,SF,6-5,215,3/28/1996,6
CLE,Nae'Qwan Tomlin,PF,6-8,210,12/10/2000,1
CLE,Luke Travers,SG,6-6,207,9/3/2001,1
CLE,Jaylon Tyson,SG,6-6,215,12/2/2002,1
CLE,Dean Wade,PF,6-9,228,11/20/1996,6
DAL,Marvin Bagley III,PF,6-10,235,3/14/1999,7
DAL,Max Christie,SG,6-5,190,2/10/2003,3
DAL,Moussa Cisse,C,6-11,220,9/10/2002,0
DAL,Anthony Davis,PF,6-10,253,3/11/1993,13
DAL,Cooper Flagg,SF,6-9,205,12/21/2006,0
DAL,Daniel Gafford,C,6-10,265,10/1/1998,6
DAL,Jaden Hardy,SG,6-3,198,7/5/2002,3
DAL,AJ Johnson,SG,6-5,160,12/1/2004,1
DAL,Tyus Jones,PG,6-0,196,5/10/1996,10
DAL,Miles Kelly,PG,6-4,190,1/26/2003,0
DAL,Dereck Lively II,C,7-1,230,2/12/2004,2
DAL,Naji Marshall,SF,6-6,220,1/24/1998,5
DAL,Caleb Martin,SF,6-5,205,9/28/1995,6
DAL,Khris Middleton,SF,6-7,222,8/12/1991,13
DAL,Ryan Nembhard,PG,5-11,180,3/10/2003,0
DAL,John Poulakidas,SG,6-6,205,4/4/2003,0
DAL,Dwight Powell,C,6-10,240,7/20/1991,11
DAL,Jeremiah Robinson-Earl,PF,6-9,240,11/3/2000,4
DAL,D'Angelo Russell,PG,6-3,193,2/23/1996,10
DAL,Tyler Smith,PF,6-9,224,11/2/2004,1
DAL,Klay Thompson,SF,6-5,220,2/8/1990,12
DAL,P.J. Washington,PF,6-7,230,8/23/1998,6
DAL,Brandon Williams,PG,6-1,190,11/22/1999,3
DEN,Christian Braun,SG,6-6,220,4/17/2001,3
DEN,Bruce Brown,SG,6-4,202,8/15/1996,7
DEN,Aaron Gordon,PF,6-8,235,9/16/1995,11
DEN,Tim Hardaway Jr.,SG,6-5,205,3/16/1992,12
DEN,DaRon Holmes,PF,6-9,225,8/15/2002,0
DEN,Cameron Johnson,SF,6-8,210,3/3/1996,6
DEN,Nikola Jokić,C,6-11,284,2/19/1995,10
DEN,Curtis Jones,SG,6-3,195,12/4/2001,0
DEN,Spencer Jones,SF,6-7,225,6/14/2001,1
DEN,Tyus Jones,PG,6-0,196,5/10/1996,10
DEN,Jamal Murray,PG,6-4,215,2/23/1997,8
DEN,Zeke Nnaji,PF,6-10,240,1/9/2001,5
DEN,Jalen Pickett,SG,6-2,202,10/22/1999,2
DEN,David Roddy,PF,6-5,255,3/27/2001,3
DEN,KJ Simpson,PG,6-2,189,8/8/2002,1
DEN,Julian Strawther,SG,6-6,205,4/18/2002,2
DEN,Hunter Tyson,PF,6-8,215,6/13/2000,2
DEN,Jonas Valančiūnas,C,6-11,265,5/6/1992,13
DEN,Peyton Watson,SF,6-8,200,9/11/2002,3
DET,Cade Cunningham,PG,6-6,220,9/25/2001,4
DET,Jalen Duren,C,6-10,250,11/18/2003,3
DET,Javonte Green,SG,6-5,205,7/23/1993,6
DET,Tobias Harris,PF,6-8,226,7/15/1992,14
DET,Ron Holland,SF,6-8,206,7/7/2005,1
DET,Kevin Huerter,SG,6-6,198,8/27/1998,7
DET,Jaden Ivey,SG,6-3,195,2/13/2002,3
DET,Daniss Jenkins,PG,6-4,165,8/17/2001,1
DET,Colby Jones,SG,6-6,207,5/28/2002,2
DET,Isaac Jones,PF,6-8,245,7/11/2000,1
DET,Bobi Klintman,SF,6-9,225,3/6/2003,1
DET,Chaz Lanier,SG,6-3,206,12/19/2001,0
DET,Caris LeVert,SG,6-7,205,8/25/1994,9
DET,Wendell Moore Jr.,SG,6-5,215,9/18/2001,3
DET,Paul Reed,C,6-9,210,6/14/1999,5
DET,Duncan Robinson,SG,6-7,215,4/22/1994,7
DET,Marcus Sasser,PG,6-1,195,9/21/2000,2
DET,Tolu Smith,PF,6-11,254,7/26/2000,1
DET,Isaiah Stewart,C,6-8,250,5/22/2001,5
DET,Ausar Thompson,SF,6-7,205,1/30/2003,2
GSW,Charles Bassey,C,6-10,230,10/28/2000,4
GSW,Jimmy Butler,SF,6-6,230,9/14/1989,14
GSW,LJ Cryer,PG,6-1,202,10/9/2001,0
GSW,Seth Curry,SG,6-1,185,8/23/1990,11
GSW,Stephen Curry,PG,6-2,185,3/14/1988,16
GSW,Draymond Green,PF,6-6,230,3/4/1990,13
GSW,Buddy Hield,SG,6-4,220,12/17/1992,9
GSW,Al Horford,C,6-8,240,6/3/1986,18
GSW,Trayce Jackson-Davis,C,6-9,245,2/22/2000,2
GSW,Jonathan Kuminga,PF,6-7,225,10/6/2002,4
GSW,Malevy Leons,SF,6-9,210,9/23/1999,1
GSW,De'Anthony Melton,PG,6-2,200,5/28/1998,7
GSW,Moses Moody,SG,6-5,211,5/31/2002,4
GSW,Gary Payton II,SG,6-2,195,12/1/1992,9
GSW,Brandin Podziemski,SG,6-4,205,2/25/2003,2
GSW,Kristaps Porziņģis,C,7-2,240,8/2/1995,9
GSW,Quinten Post,PF,7-0,238,3/21/2000,1
GSW,Will Richard,SG,6-3,206,12/24/2002,0
GSW,Gui Santos,PF,6-7,185,6/22/2002,2
GSW,Pat Spencer,PG,6-2,205,7/4/1996,2
GSW,Nate Williams,SG,6-5,205,2/12/1999,3
GSW,Omer Yurtseven,C,6-11,275,6/19/1998,3
HOU,Steven Adams,C,6-11,265,7/20/1993,11
HOU,Clint Capela,C,6-10,256,5/18/1994,11
HOU,Isaiah Crawford,SF,6-6,220,11/1/2001,1
HOU,JD Davison,PG,6-1,195,10/3/2002,3
HOU,Kevin Durant,SF,6-11,240,9/29/1988,17
HOU,Tari Eason,PF,6-8,215,5/10/2001,3
HOU,Dorian Finney-Smith,PF,6-7,220,5/4/1993,9
HOU,Jeff Green,PF,6-8,235,8/28/1986,17
HOU,Aaron Holiday,PG,6-0,185,9/30/1996,7
HOU,Tristen Newton,SG,6-5,190,4/26/2001,1
HOU,Josh Okogie,SG,6-4,213,9/1/1998,7
HOU,Alperen Şengün,C,6-11,243,7/25/2002,4
HOU,Reed Sheppard,SG,6-2,185,6/24/2004,1
HOU,Jabari Smith Jr.,PF,6-11,220,5/13/2003,3
HOU,Jae'Sean Tate,SF,6-4,230,10/28/1995,5
HOU,Amen Thompson,PG,6-7,200,1/30/2003,2
IND,Tony Bradley,C,6-10,248,1/8/1998,7
IND,Kobe Brown,PF,6-7,250,1/1/2000,2
IND,RayJ Dennis,PG,6-1,180,3/30/2001,1
IND,Johnny Furphy,SG,6-8,200,12/8/2004,1
IND,Jay Huff,C,7-1,240,8/25/1998,4
IND,Isaiah Jackson,C,6-8,205,1/10/2002,4
IND,Quenton Jackson,PG,6-4,173,9/15/1998,3
IND,Kam Jones,SG,6-4,200,2/25/2002,0
IND,Cody Martin,SF,6-6,205,9/28/1995,6
IND,Garrison Mathews,SG,6-5,215,10/24/1996,6
IND,Bennedict Mathurin,SF,6-5,210,6/19/2002,3
IND,Mac McClung,SG,6-2,185,1/6/1999,3
IND,T.J. McConnell,PG,6-1,190,3/25/1992,10
IND,Monte Morris,PG,6-2,183,6/27/1995,8
IND,Andrew Nembhard,PG,6-4,191,1/16/2000,3
IND,Aaron Nesmith,SF,6-5,215,10/16/1999,5
IND,Taelon Peter,SG,6-3,185,2/27/2002,0
IND,Micah Potter,C,6-9,248,4/6/1998,4
IND,Jeremiah Robinson-Earl,PF,6-9,240,11/3/2000,4
IND,Ben Sheppard,SG,6-6,190,7/16/2001,2
IND,Pascal Siakam,PF,6-8,245,4/2/1994,9
IND,Jalen Slawson,SF,6-7,215,10/22/1999,1
IND,Ethan Thompson,SG,6-4,195,5/4/1999,0
IND,Obi Toppin,PF,6-9,220,3/4/1998,5
IND,Jarace Walker,PF,6-7,235,9/4/2003,2
IND,James Wiseman,C,6-11,240,3/31/2001,4
IND,Ivica Zubac,C,7-0,240,3/18/1997,9
LAC,Patrick Baldwin Jr.,SF,7-0,220,11/18/2002,3
LAC,Dalano Banton,PG,6-8,203,11/7/1999,4
LAC,Nicolas Batum,PF,6-7,230,12/14/1988,17
LAC,Bradley Beal,SG,6-4,207,6/28/1993,13
LAC,Bogdan Bogdanović,SG,6-5,225,8/18/1992,8
LAC,Kobe Brown,PF,6-7,250,1/1/2000,2
LAC,Cam Christie,SG,6-5,190,7/24/2005,1
LAC,John Collins,PF,6-9,226,9/23/1997,8
LAC,RayJ Dennis,PG,6-1,180,3/30/2001,1
LAC,Kris Dunn,PG,6-3,205,3/18/1994,9
LAC,Darius Garland,PG,6-1,192,1/26/2000,6
LAC,James Harden,PG,6-5,220,8/26/1989,16
LAC,Isaiah Jackson,C,6-8,205,1/10/2002,4
LAC,Derrick Jones Jr.,SF,6-6,210,2/15/1997,9
LAC,Yanic Konan Niederhäuser,C,6-11,242,3/14/2003,0
LAC,Kawhi Leonard,SF,6-6,225,6/29/1991,13
LAC,Brook Lopez,C,7-1,282,4/1/1988,17
LAC,Bennedict Mathurin,SF,6-5,210,6/19/2002,3
LAC,Jordan Miller,SF,6-5,194,1/23/2000,2
LAC,Norchad Omier,PF,6-5,248,8/28/2001,0
LAC,Chris Paul,PG,6-0,175,5/6/1985,20
LAC,Sean Pedulla,PG,6-1,195,10/10/2002,0
LAC,Kobe Sanders,SG,6-8,207,5/30/2002,0
LAC,Jahmyl Telfort,PF,6-7,225,4/30/2001,0
LAC,TyTy Washington Jr.,PG,6-3,195,11/15/2001,3
LAC,Ivica Zubac,C,7-0,240,3/18/1997,9
LAL,Deandre Ayton,C,7-0,252,7/23/1998,7
LAL,Kobe Bufkin,SG,6-4,195,9/21/2003,2
LAL,Luka Dončić,PG,6-8,230,2/28/1999,7
LAL,Rui Hachimura,PF,6-8,230,2/8/1998,6
LAL,Jaxson Hayes,C,7-0,220,5/23/2000,6
LAL,Bronny James,SG,6-2,210,10/6/2004,1
LAL,LeBron James,SF,6-9,250,12/30/1984,22
LAL,Luke Kennard,SG,6-5,206,6/24/1996,8
LAL,Maxi Kleber,PF,6-10,240,1/29/1992,8
LAL,Dalton Knecht,SF,6-6,215,4/19/2001,1
LAL,Christian Koloko,C,6-11,225,6/20/2000,2
LAL,Jake LaRavia,PF,6-7,235,11/3/2001,3
LAL,Chris Mañon,SG,6-4,209,12/9/2001,0
LAL,Austin Reaves,SG,6-5,197,5/29/1998,4
LAL,Marcus Smart,SG,6-3,220,3/6/1994,11
LAL,Nick Smith Jr.,SG,6-2,185,4/18/2004,2
LAL,Adou Thiero,SF,6-7,220,5/8/2004,0
LAL,Drew Timme,PF,6-9,235,9/9/2000,1
LAL,Jarred Vanderbilt,PF,6-8,214,4/3/1999,7
LAL,Gabe Vincent,PG,6-2,200,6/14/1996,6
MEM,Santi Aldama,PF,7-0,215,1/10/2001,4
MEM,Kyle Anderson,SF,6-8,230,9/20/1993,11
MEM,Adama-Alpha Bal,SG,6-7,190,12/18/2003,0
MEM,Charles Bassey,C,6-10,230,10/28/2000,4
MEM,Tyler Burton,SF,6-7,215,2/11/2000,0
MEM,Kentavious Caldwell-Pope,SG,6-5,204,2/18/1993,12
MEM,Brandon Clarke,PF,6-8,215,9/19/1996,6
MEM,Walter Clayton,PG,6-4,195,3/6/2003,0
MEM,Cedric Coward,SG,6-5,206,9/11/2003,0
MEM,Zach Edey,C,7-3,305,5/14/2002,1
MEM,Taj Gibson,C,6-9,232,6/24/1985,16
MEM,PJ Hall,C,6-8,245,2/21/2002,1
MEM,Taylor Hendricks,PF,6-9,215,11/22/2003,2
MEM,GG Jackson II,PF,6-9,210,12/17/2004,2
MEM,Jaren Jackson Jr.,C,6-10,242,9/15/1999,7
MEM,DeJon Jarreau,SG,6-5,185,1/23/1998,2
MEM,Ty Jerome,SG,6-5,195,7/8/1997,6
MEM,Christian Koloko,C,6-11,225,6/20/2000,2
MEM,John Konchar,SG,6-5,210,3/22/1996,6
MEM,Jock Landale,C,6-11,255,10/25/1995,4
MEM,Lawson Lovering,C,7-0,245,5/9/2003,0
MEM,Jahmai Mashack,SG,6-4,203,11/10/2002,0
MEM,Ja Morant,PG,6-2,174,8/10/1999,6
MEM,Toby Okani,SG,6-8,210,10/5/2001,0
MEM,Scotty Pippen Jr.,PG,6-2,170,11/10/2000,3
MEM,Olivier-Maxence Prosper,PF,6-7,230,7/3/2002,2
MEM,Rayan Rupert,SG,6-7,205,5/31/2004,2
MEM,Javon Small,PG,6-1,190,12/19/2002,0
MEM,Cam Spencer,SG,6-3,205,4/6/2000,1
MEM,Jaylen Wells,SG,6-7,206,8/26/2003,1
MEM,Dariq Whitehead,SF,6-6,220,8/1/2004,2
MEM,Vince Williams Jr.,PG,6-4,205,8/30/2000,3
MEM,Lucas Williamson,SG,6-4,205,1/28/1999,0
MIA,Bam Adebayo,C,6-9,255,7/18/1997,8
MIA,Simone Fontecchio,SF,6-7,209,12/9/1995,3
MIA,Myron Gardner,SF,6-5,220,5/21/2001,0
MIA,Vladislav Goldin,C,7-0,250,5/12/2001,0
MIA,Tyler Herro,SG,6-5,195,1/20/2000,6
MIA,Kasparas Jakučionis,PG,6-5,200,5/29/2006,0
MIA,Jaime Jaquez Jr.,SF,6-6,225,2/18/2001,2
MIA,Keshad Johnson,SF,6-6,225,6/23/2001,1
MIA,Nikola Jović,PF,6-10,205,6/9/2003,3
MIA,Trevor Keels,SG,6-3,215,8/26/2003,1
MIA,Pelle Larsson,SG,6-5,215,2/23/2001,1
MIA,Davion Mitchell,PG,6-0,202,9/5/1998,4
MIA,Norman Powell,SG,6-3,215,5/25/1993,10
MIA,Dru Smith,SG,6-2,203,12/30/1997,3
MIA,Kel'el Ware,C,7-0,230,4/20/2004,1
MIA,Andrew Wiggins,SF,6-6,197,2/23/1995,11
MIA,Jahmir Young,PG,6-0,185,10/7/2000,1
MIL,Alex Antetokounmpo,SF,6-8,214,8/27/2001,0
MIL,Giannis Antetokounmpo,PF,6-11,243,12/6/1994,12
MIL,Thanasis Antetokounmpo,SF,6-7,219,7/18/1992,6
MIL,Cole Anthony,PG,6-2,185,5/15/2000,5
MIL,Amir Coffey,SG,6-7,210,6/17/1997,6
MIL,Ousmane Dieng,C,6-9,185,5/21/2003,3
MIL,A.J. Green,SG,6-4,190,9/27/1999,3
MIL,Gary Harris,SG,6-4,210,9/14/1994,11
MIL,Andre Jackson Jr.,SG,6-6,209,11/13/2001,2
MIL,Kyle Kuzma,PF,6-8,221,7/24/1995,8
MIL,Pete Nance,PF,6-9,225,2/19/2000,2
MIL,Kevin Porter Jr.,PG,6-5,203,5/4/2000,5
MIL,Bobby Portis,PF,6-9,250,2/10/1995,10
MIL,Taurean Prince,SF,6-6,218,3/22/1994,9
MIL,Ryan Rollins,PG,6-3,180,7/3/2002,3
MIL,Cormac Ryan,SG,6-5,195,10/26/1998,0
MIL,Mark Sears,PG,6-0,185,2/19/2002,0
MIL,Jericho Sims,C,6-10,250,10/20/1998,4
MIL,Cam Thomas,SG,6-3,210,10/13/2001,4
MIL,Gary Trent Jr.,SG,6-5,204,1/18/1999,7
MIL,Myles Turner,C,6-11,250,3/24/1996,10
MIN,Kyle Anderson,SF,6-8,230,9/20/1993,11
MIN,Joan Beringer,PF,6-11,230,11/11/2006,0
MIN,Jaylen Clark,SG,6-5,205,10/13/2001,1
MIN,Mike Conley,PG,6-1,175,10/11/1987,18
MIN,Rob Dillingham,PG,6-2,175,1/4/2005,1
MIN,Donte DiVincenzo,SG,6-4,203,1/31/1997,7
MIN,Ayo Dosunmu,SG,6-4,200,1/17/2000,4
MIN,Anthony Edwards,SG,6-4,225,8/5/2001,5
MIN,Enrique Freeman,PF,6-9,220,7/29/2000,1
MIN,Rudy Gobert,C,7-1,258,6/26/1992,12
MIN,Bones Hyland,PG,6-2,169,9/14/2000,4
MIN,Joe Ingles,SF,6-8,220,10/2/1987,11
MIN,Johnny Juzang,SG,6-7,226,3/17/2001,3
MIN,Jaden McDaniels,PF,6-9,185,9/29/2000,5
MIN,Leonard Miller,SF,6-10,220,11/26/2003,2
MIN,Julian Phillips,SF,6-6,198,11/5/2003,2
MIN,Zyon Pullin,SG,6-4,206,3/3/2001,1
MIN,Julius Randle,PF,6-9,250,11/29/1994,11
MIN,Naz Reid,C,6-9,264,8/26/1999,6
MIN,Terrence Shannon Jr.,SG,6-6,215,7/30/2000,1
MIN,Rocco Zikarsky,C,7-3,227,7/11/2006,0
NOP,Trey Alexander,SG,6-5,185,5/2/2003,1
NOP,Jose Alvarado,PG,6-0,179,4/12/1998,4
NOP,Saddiq Bey,SF,6-8,215,4/9/1999,4
NOP,Hunter Dickinson,C,7-1,255,11/25/2000,0
NOP,Jeremiah Fears,PG,6-3,190,10/14/2006,0
NOP,Jordan Hawkins,SG,6-5,190,4/29/2002,2
NOP,Herbert Jones,SF,6-7,206,10/6/1998,4
NOP,DeAndre Jordan,C,6-11,265,7/21/1988,17
NOP,Kevon Looney,C,6-9,222,2/6/1996,10
NOP,Karlo Matković,PF,6-10,231,3/30/2001,1
NOP,Bryce McGowens,SG,6-6,190,11/8/2002,3
NOP,Yves Missi,C,6-11,235,5/14/2004,1
NOP,Trey Murphy III,SF,6-8,206,6/18/2000,4
NOP,Dejounte Murray,PG,6-4,180,9/19/1996,8
NOP,Josh Oduro,PF,6-9,240,10/14/2000,0
NOP,Micah Peavy,SG,6-7,215,7/16/2001,0
NOP,Jordan Poole,PG,6-4,194,6/19/1999,6
NOP,Derik Queen,C,6-9,250,12/27/2004,0
NOP,Zion Williamson,PF,6-6,284,7/6/2000,5
NYK,Jose Alvarado,PG,6-0,179,4/12/1998,4
NYK,OG Anunoby,PF,6-7,240,7/17/1997,8
NYK,Mikal Bridges,SF,6-6,209,8/30/1996,7
NYK,Jalen Brunson,PG,6-2,190,8/31/1996,7
NYK,Jordan Clarkson,SG,6-5,194,6/7/1992,11
NYK,Pacôme Dadiet,SG,6-9,210,7/27/2005,1
NYK,Mohamed Diawara,SF,6-9,225,4/29/2005,0
NYK,Tosan Evbuomwan,SF,6-8,217,2/16/2001,2
NYK,Josh Hart,SF,6-5,215,3/6/1995,8
NYK,Ariel Hukporti,C,7-0,246,4/12/2002,1
NYK,Trey Jemison,C,6-10,270,11/28/1999,2
NYK,Dillon Jones,SF,6-5,235,10/29/2001,1
NYK,Tyler Kolek,PG,6-2,195,3/27/2001,1
NYK,Miles McBride,SG,6-2,195,9/8/2000,4
NYK,Kevin McCullar Jr.,SF,6-6,210,3/15/2001,1
NYK,Mitchell Robinson,C,7-0,240,4/1/1998,7
NYK,Landry Shamet,SG,6-5,190,3/13/1997,7
NYK,Jeremy Sochan,PF,6-8,230,5/20/2003,3
NYK,Karl-Anthony Towns,C,7-0,248,11/15/1995,10
NYK,Guerschon Yabusele,C,6-7,265,12/17/1995,3
OKC,Brooks Barnhizer,SG,6-5,230,3/2/2002,0
OKC,Buddy Boeheim,SF,6-5,205,11/11/1999,2
OKC,Branden Carlson,C,7-0,220,6/14/1999,1
OKC,Alex Caruso,SG,6-5,186,2/28/1994,8
OKC,Ousmane Dieng,C,6-9,185,5/21/2003,3
OKC,Luguentz Dort,SF,6-4,220,4/19/1999,6
OKC,Shai Gilgeous-Alexander,PG,6-6,195,7/12/1998,7
OKC,Isaiah Hartenstein,C,7-0,250,5/5/1998,7
OKC,Chet Holmgren,PF,7-1,208,5/1/2002,2
OKC,Isaiah Joe,SG,6-4,165,7/2/1999,5
OKC,Jared McCain,SG,6-3,195,2/20/2004,1
OKC,Ajay Mitchell,SG,6-4,190,6/25/2002,1
OKC,Payton Sandfort,SF,6-7,215,12/4/2002,0
OKC,Nikola Topić,PG,6-6,200,8/10/2005,0
OKC,Cason Wallace,SG,6-3,195,11/7/2003,2
OKC,Aaron Wiggins,SG,6-5,190,1/2/1999,4
OKC,Jalen Williams,SG,6-5,211,4/14/2001,3
OKC,Jaylin Williams,PF,6-9,240,6/29/2002,3
OKC,Kenrich Williams,PF,6-7,210,12/2/1994,7
OKC,Chris Youngblood,SG,6-4,221,2/9/2002,0
ORL,Paolo Banchero,PF,6-10,250,11/12/2002,3
ORL,Desmond Bane,SG,6-6,215,6/25/1998,5
ORL,Goga Bitadze,C,6-11,250,7/20/1999,6
ORL,Anthony Black,PG,6-7,200,1/20/2004,2
ORL,Jamal Cain,SF,6-7,191,3/20/1999,3
ORL,Jevon Carter,PG,6-0,200,9/14/1995,7
ORL,Wendell Carter Jr.,C,6-10,270,4/16/1999,7
ORL,Colin Castleton,C,6-10,250,5/25/2000,2
ORL,Tristan Da Silva,SF,6-8,217,5/15/2001,1
ORL,Jett Howard,SF,6-8,215,9/14/2003,2
ORL,Jonathan Isaac,PF,6-10,230,10/3/1997,6
ORL,Tyus Jones,PG,6-0,196,5/10/1996,10
ORL,Alex Morales,PG,6-6,180,11/21/1997,0
ORL,Noah Penda,SF,6-7,215,1/7/2005,0
ORL,Jase Richardson,SG,6-1,180,10/16/2005,0
ORL,Orlando Robinson,C,6-10,235,7/10/2000,3
ORL,Jalen Suggs,PG,6-5,205,6/3/2001,4
ORL,Franz Wagner,SF,6-10,220,8/27/2001,4
ORL,Moritz Wagner,C,6-11,245,4/26/1997,7
PHI,Patrick Baldwin Jr.,SF,7-0,220,11/18/2002,3
PHI,Dominick Barlow,PF,6-9,215,5/26/2003,3
PHI,Charles Bassey,C,6-10,230,10/28/2000,4
PHI,MarJon Beauchamp,SF,6-7,199,10/12/2000,3
PHI,Adem Bona,C,6-10,235,3/28/2003,1
PHI,Johni Broome,C,6-10,235,7/19/2002,0
PHI,Andre Drummond,C,6-11,279,8/10/1993,13
PHI,VJ Edgecombe,SG,6-4,180,7/30/2005,0
PHI,Justin Edwards,SF,6-7,203,12/16/2003,1
PHI,Joel Embiid,C,7-0,280,3/16/1994,9
PHI,Paul George,PF,6-8,220,5/2/1990,15
PHI,Eric Gordon,SG,6-3,215,12/25/1988,17
PHI,Quentin Grimes,SG,6-4,210,5/8/2000,4
PHI,Kyle Lowry,PG,6-0,196,3/25/1986,19
PHI,Tyrese Martin,SG,6-6,215,3/7/1999,2
PHI,Tyrese Maxey,PG,6-2,200,11/4/2000,5
PHI,Jared McCain,SG,6-3,195,2/20/2004,1
PHI,Kelly Oubre Jr.,SF,6-8,203,12/9/1995,10
PHI,Cameron Payne,PG,6-2,183,8/8/1994,10
PHI,Hunter Sallis,SG,6-4,185,3/26/2003,0
PHI,Dalen Terry,SG,6-6,195,7/12/2002,3
PHI,Jabari Walker,PF,6-7,237,7/30/2002,3
PHI,Trendon Watford,PF,6-8,237,11/9/2000,4
PHX,Grayson Allen,SG,6-3,198,10/8/1995,7
PHX,Devin Booker,SG,6-5,206,10/30/1996,10
PHX,Jamaree Bouyea,PG,6-2,180,6/27/1999,3
PHX,Koby Brea,SG,6-5,215,11/6/2002,0
PHX,Dillon Brooks,SF,6-7,225,1/22/1996,8
PHX,Amir Coffey,SG,6-7,210,6/17/1997,6
PHX,Ryan Dunn,SF,6-7,216,1/7/2003,1
PHX,Rasheer Fleming,PF,6-9,240,7/10/2004,0
PHX,Collin Gillespie,PG,6-1,195,6/25/1999,2
PHX,Jordan Goodwin,PG,6-3,215,10/23/1998,4
PHX,Jalen Green,SG,6-4,186,2/9/2002,4
PHX,Nigel Hayes-Davis,SF,6-7,254,12/16/1994,1
PHX,Haywood Highsmith,SF,6-5,220,12/9/1996,5
PHX,CJ Huntley,SF,6-9,190,1/6/2002,0
PHX,Oso Ighodaro,PF,6-11,235,7/14/2002,1
PHX,Isaiah Livers,PF,6-6,232,7/28/1998,3
PHX,Khaman Maluach,C,7-1,250,9/14/2006,0
PHX,Royce O'Neale,SF,6-6,226,6/5/1993,8
PHX,Nick Richards,C,6-11,245,11/29/1997,5
PHX,Mark Williams,C,7-1,240,12/16/2001,3
POR,Deni Avdija,SF,6-8,228,1/3/2001,5
POR,Toumani Camara,PF,6-7,230,5/8/2000,2
POR,Sidy Cissoko,SF,6-6,220,4/2/2004,2
POR,Donovan Clingan,C,7-2,280,2/23/2004,1
POR,Javonte Cooke,SG,6-6,185,7/11/1999,0
POR,Jerami Grant,PF,6-7,213,3/12/1994,11
POR,Yang Hansen,C,7-1,270,6/26/2005,0
POR,Scoot Henderson,PG,6-3,207,2/3/2004,2
POR,Jrue Holiday,PG,6-4,220,6/12/1990,16
POR,Jayson Kent,SF,6-8,215,2/3/2002,0
POR,Vít Krejčí,PG,6-8,195,6/19/2000,4
POR,Caleb Love,SG,6-3,212,9/27/2001,0
POR,Kris Murray,SF,6-8,218,8/19/2000,2
POR,Duop Reath,C,6-9,245,6/26/1996,2
POR,Rayan Rupert,SG,6-7,205,5/31/2004,2
POR,Shaedon Sharpe,SG,6-5,210,5/30/2003,3
POR,Matisse Thybulle,SG,6-5,202,3/4/1997,6
POR,Blake Wesley,SG,6-4,190,3/16/2003,3
POR,Robert Williams,C,6-9,249,10/17/1997,7
POR,Chris Youngblood,SG,6-4,221,2/9/2002,0
SAC,Precious Achiuwa,C,6-8,243,9/19/1999,5
SAC,Patrick Baldwin Jr.,SF,7-0,220,11/18/2002,3
SAC,Dylan Cardwell,C,6-10,255,12/16/2001,0
SAC,Devin Carter,PG,6-2,195,3/18/2002,1
SAC,Nique Clifford,SG,6-5,175,2/9/2002,0
SAC,DeMar DeRozan,PF,6-6,220,8/7/1989,16
SAC,Keon Ellis,SG,6-4,175,1/8/2000,3
SAC,Drew Eubanks,C,6-10,245,2/1/1997,7
SAC,Killian Hayes,PG,6-4,195,7/27/2001,5
SAC,De'Andre Hunter,SF,6-7,221,12/2/1997,6
SAC,DaQuan Jeffries,SG,6-5,222,8/30/1997,6
SAC,Isaac Jones,PF,6-8,245,7/11/2000,1
SAC,Zach LaVine,SG,6-5,200,3/10/1995,11
SAC,Doug McDermott,SF,6-7,225,1/3/1992,11
SAC,Malik Monk,SG,6-3,200,2/4/1998,8
SAC,Keegan Murray,PF,6-8,225,8/19/2000,3
SAC,Daeqwon Plowden,SG,6-4,216,8/29/1998,1
SAC,Maxime Raynaud,C,7-1,250,4/7/2003,0
SAC,Domantas Sabonis,C,6-10,240,5/3/1996,9
SAC,Dario Šarić,C,6-10,225,4/8/1994,8
SAC,Dennis Schröder,PG,6-1,175,9/15/1993,12
SAC,Isaiah Stevens,PG,5-11,185,11/1/2000,1
SAC,Russell Westbrook,SF,6-4,200,11/12/1988,17
SAS,Harrison Barnes,PF,6-7,225,5/30/1992,13
SAS,Bismack Biyombo,C,6-8,255,8/28/1992,14
SAS,Carter Bryant,PF,6-6,220,11/26/2005,0
SAS,Stephon Castle,PG,6-6,215,11/1/2004,1
SAS,Julian Champagnie,SF,6-7,217,6/29/2001,3
SAS,De'Aaron Fox,PG,6-3,185,12/20/1997,8
SAS,Dylan Harper,SG,6-5,215,3/2/2006,0
SAS,Harrison Ingram,SF,6-5,230,11/27/2002,1
SAS,Keldon Johnson,SF,6-6,220,10/11/1999,6
SAS,David Jones García,SF,6-4,210,11/24/2001,0
SAS,Luke Kornet,C,7-1,250,7/15/1995,8
SAS,Jordan McLaughlin,PG,5-11,185,4/9/1996,6
SAS,Riley Minix,SF,6-7,230,9/22/2000,1
SAS,Kelly Olynyk,C,7-0,240,4/19/1991,12
SAS,Mason Plumlee,C,7-0,254,3/5/1990,12
SAS,Jeremy Sochan,PF,6-8,230,5/20/2003,3
SAS,Stanley Umude,SG,6-6,210,4/12/1999,3
SAS,Devin Vassell,SG,6-5,200,8/23/2000,5
SAS,Lindy Waters III,SG,6-5,210,7/28/1997,4
SAS,Victor Wembanyama,C,7-4,235,1/4/2004,2
TOR,Ochai Agbaji,SG,6-5,215,4/20/2000,3
TOR,Mo Bamba,C,7-0,231,5/12/1998,7
TOR,Scottie Barnes,PF,6-8,237,8/1/2001,4
TOR,RJ Barrett,SF,6-6,214,6/14/2000,6
TOR,Jamison Battle,SF,6-7,220,5/10/2001,1
TOR,Gradey Dick,SG,6-7,200,11/20/2003,2
TOR,Markelle Fultz,PG,6-4,209,5/29/1998,8
TOR,Chucky Hepburn,PG,6-0,190,2/9/2003,0
TOR,Brandon Ingram,SF,6-8,190,9/2/1997,9
TOR,Trayce Jackson-Davis,C,6-9,245,2/22/2000,2
TOR,A.J. Lawson,SG,6-6,179,7/15/2000,3
TOR,Sandro Mamukelashvili,C,6-9,240,5/23/1999,4
TOR,Alijah Martin,SG,6-2,210,12/26/2001,0
TOR,Jonathan Mogbo,PF,6-9,225,10/29/2001,1
TOR,Collin Murray-Boyles,PF,6-7,245,6/10/2005,0
TOR,Jakob Poeltl,C,7-0,253,10/15/1995,9
TOR,Immanuel Quickley,PG,6-2,190,6/17/1999,5
TOR,Jamal Shead,PG,6-1,200,6/24/2002,1
TOR,Garrett Temple,SG,6-5,195,5/8/1986,15
TOR,Ja'Kobe Walter,SG,6-4,180,9/4/2004,1
UTA,Kyle Anderson,SF,6-8,230,9/20/1993,11
UTA,Ace Bailey,SF,6-9,200,8/13/2006,0
UTA,Mo Bamba,C,7-0,231,5/12/1998,7
UTA,Kennedy Chandler,PG,6-0,170,9/16/2002,1
UTA,Walter Clayton,PG,6-4,195,3/6/2003,0
UTA,Isaiah Collier,PG,6-4,210,10/8/2004,1
UTA,Kyle Filipowski,C,6-11,250,11/7/2003,1
UTA,Andersson Garcia,SF,6-7,220,8/23/2000,0
UTA,Keyonte George,PG,6-4,185,11/8/2003,2
UTA,Hayden Gray,SG,6-4,190,5/11/2003,0
UTA,Elijah Harkless,SG,6-3,195,2/3/2000,1
UTA,Taylor Hendricks,PF,6-9,215,11/22/2003,2
UTA,Blake Hinson,SF,6-8,240,12/26/1999,0
UTA,Jaren Jackson Jr.,C,6-10,242,9/15/1999,7
UTA,Walker Kessler,C,7-2,245,7/26/2001,3
UTA,John Konchar,SG,6-5,210,3/22/1996,6
UTA,Kevin Love,PF,6-10,251,9/7/1988,17
UTA,Lauri Markkanen,PF,7-1,240,5/22/1997,8
UTA,Bez Mbeng,SG,6-4,185,5/2/2003,0
UTA,Svi Mykhailiuk,SF,6-7,205,6/10/1997,7
UTA,Jusuf Nurkić,C,6-11,290,8/23/1994,11
UTA,Brice Sensabaugh,SF,6-6,235,10/30/2003,2
UTA,Oscar Tshiebwe,C,6-8,255,11/27/1999,2
UTA,Cody Williams,SG,6-8,190,11/20/2004,1
UTA,Vince Williams Jr.,SG,6-4,205,8/30/2000,3
WAS,Marvin Bagley III,PF,6-10,235,3/14/1999,7
WAS,Leaky Black,SF,6-6,209,6/14/1999,1
WAS,Malaki Branham,SG,6-4,180,5/12/2003,3
WAS,Bub Carrington,PG,6-4,190,7/21/2005,1
WAS,Justin Champagnie,SF,6-6,206,6/29/2001,4
WAS,Sharife Cooper,PG,6-0,176,6/11/2001,1
WAS,Bilal Coulibaly,SG,6-7,195,7/26/2004,2
WAS,Kyshawn George,SF,6-8,200,12/12/2003,1
WAS,Keshon Gilbert,PG,6-4,200,6/30/2003,0
WAS,Anthony Gill,PF,6-7,230,10/17/1992,5
WAS,Jaden Hardy,SG,6-3,198,7/5/2002,3
WAS,AJ Johnson,SG,6-5,160,12/1/2004,1
WAS,Tre Johnson,SG,6-5,190,3/7/2006,0
WAS,Corey Kispert,SF,6-6,224,3/3/1999,4
WAS,Skal Labissière,PF,6-10,235,3/18/1996,5
WAS,CJ McCollum,SG,6-3,190,9/19/1991,12
WAS,Khris Middleton,SF,6-7,222,8/12/1991,13
WAS,Julian Reese,PF,6-9,230,6/30/2003,0
WAS,Kadary Richmond,SG,6-5,205,8/25/2001,0
WAS,Will Riley,SF,6-9,180,2/10/2006,0
WAS,Alex Sarr,C,7-0,205,4/26/2005,1
WAS,Tristan Vukcevic,C,7-0,220,3/11/2003,2
WAS,Jamir Watkins,SG,6-6,210,7/6/2001,0
WAS,Cam Whitmore,SF,6-6,230,7/8/2004,2
WAS,Alondes Williams,SG,6-4,210,6/19/1999,3
WAS,Trae Young,PG,6-2,164,9/19/1998,7
